time,open,close,high,low
2022-04-25 00:00:00,1.08098,1.07128,1.08125,1.06969
